phase,time_ms,panel_height_px,measured_height
before_open,5,24,32px
before_open,12,24,32px
before_open,29,24,32px
before_open,46,24,32px
before_open,63,24,32px
before_open,79,24,32px
before_open,96,24,32px
before_open,112,24.46875,32px
before_open,130,26.3125,32px
before_open,146,27.734375,32px
before_open,163,28.8125,32px
before_open,179,29.640625,32px
before_open,196,30.28125,32px
before_open,213,30.75,32px
before_open,229,31.109375,32px
before_open,245,31.375,32px
before_open,262,31.578125,32px
before_open,279,31.71875,32px
before_open,296,31.828125,32px
before_open,312,31.890625,32px
before_open,329,31.9375,32px
before_open,345,31.96875,32px
before_open,362,31.984375,32px
before_open,379,31.984375,32px
before_open,396,31.984375,32px
before_open,412,32,32px
before_open,430,44,auto
before_open,446,44,auto
before_open,463,44,auto
before_open,479,44,auto
before_open,496,44,auto
before_open,512,44,auto
before_open,529,44,auto
before_open,546,44,auto
before_open,563,44,auto
before_open,579,44,auto
before_open,596,44,auto
before_open,612,44,auto
before_open,628,44,auto
before_open,646,44,auto
before_open,663,44,auto
after_open,4,0,52px
after_open,13,0,52px
after_open,29,9.421875,52px
after_open,46,17.796875,52px
after_open,63,25.046875,52px
after_open,80,31.046875,52px
after_open,96,35.921875,52px
after_open,113,39.765625,52px
after_open,130,42.75,52px
after_open,147,45.0625,52px
after_open,163,46.828125,52px
after_open,180,48.1875,52px
after_open,196,49.203125,52px
after_open,213,49.984375,52px
after_open,229,50.5625,52px
after_open,247,51,52px
after_open,263,51.328125,52px
after_open,280,51.546875,52px
after_open,296,51.71875,52px
after_open,313,51.828125,52px
after_open,330,51.90625,52px
after_open,346,51.953125,52px
after_open,363,51.96875,52px
after_open,380,51.984375,52px
after_open,396,51.984375,52px
after_open,413,52,auto
after_open,430,52,auto
after_open,446,52,auto
after_open,463,52,auto
after_open,480,52,auto
after_open,496,52,auto
after_open,513,52,auto
after_open,530,52,auto
after_open,546,52,auto
after_open,563,52,auto
after_close,8,52,52px
after_close,25,52,52px
after_close,42,42.5625,52px
after_close,59,34.15625,52px
after_close,75,26.9375,52px
after_close,92,20.90625,52px
after_close,109,16.046875,52px
after_close,125,12.21875,52px
after_close,142,9.21875,52px
after_close,159,6.921875,52px
after_close,175,5.15625,52px
after_close,192,3.8125,52px
after_close,209,2.78125,52px
after_close,225,2,52px
after_close,242,1.421875,52px
after_close,259,0.984375,52px
after_close,275,0.65625,52px
after_close,292,0.421875,52px
after_close,309,0.265625,52px
after_close,325,0.15625,52px
after_close,342,0.078125,52px
after_close,359,0.03125,52px
after_close,375,0.015625,52px
after_close,392,0,52px
after_close,409,0,52px
after_close,425,0,52px
after_close,445,0,unmounted
after_close,459,0,unmounted
after_close,475,0,unmounted
after_close,492,0,unmounted
after_close,509,0,unmounted
after_close,525,0,unmounted
after_close,542,0,unmounted
after_close,559,0,unmounted
